<?xml version="1.0" encoding="UTF-8"?>
<project-private xmlns="http://www.netbeans.org/ns/project-private/1">
    <editor-bookmarks xmlns="http://www.netbeans.org/ns/editor-bookmarks/2" lastBookmarkId="0"/>
    <open-files xmlns="http://www.netbeans.org/ns/projectui-open-files/2">
        <group>
            <file>file:/I:/workspace_ani/UTN_Programacion/Program_2_2024_recursada_C_02_java/parcial1Progra2Baus/parcial1Progra2Baus/src/parcial1progra2baus/Exploracion.java</file>
            <file>file:/I:/workspace_ani/UTN_Programacion/Program_2_2024_recursada_C_02_java/parcial1Progra2Baus/parcial1Progra2Baus/src/parcial1progra2baus/Nave.java</file>
            <file>file:/I:/workspace_ani/UTN_Programacion/Program_2_2024_recursada_C_02_java/parcial1Progra2Baus/parcial1Progra2Baus/src/parcial1progra2baus/NaveDuplicadaException.java</file>
            <file>file:/I:/workspace_ani/UTN_Programacion/Program_2_2024_recursada_C_02_java/parcial1Progra2Baus/parcial1Progra2Baus/src/parcial1progra2baus/Carguero.java</file>
            <file>file:/I:/workspace_ani/UTN_Programacion/Program_2_2024_recursada_C_02_java/parcial1Progra2Baus/parcial1Progra2Baus/src/parcial1progra2baus/TipoMision.java</file>
            <file>file:/I:/workspace_ani/UTN_Programacion/Program_2_2024_recursada_C_02_java/parcial1Progra2Baus/parcial1Progra2Baus/src/parcial1progra2baus/Color.java</file>
            <file>file:/I:/workspace_ani/UTN_Programacion/Program_2_2024_recursada_C_02_java/parcial1Progra2Baus/parcial1Progra2Baus/src/parcial1progra2baus/TestParcial1Baus.java</file>
            <file>file:/I:/workspace_ani/UTN_Programacion/Program_2_2024_recursada_C_02_java/parcial1Progra2Baus/parcial1Progra2Baus/src/parcial1progra2baus/BaseEspacial.java</file>
            <file>file:/I:/workspace_ani/UTN_Programacion/Program_2_2024_recursada_C_02_java/parcial1Progra2Baus/parcial1Progra2Baus/src/parcial1progra2baus/CruceroEstelar.java</file>
            <file>file:/I:/workspace_ani/UTN_Programacion/Program_2_2024_recursada_C_02_java/parcial1Progra2Baus/parcial1Progra2Baus/src/parcial1progra2baus/NaveExploracion.java</file>
        </group>
    </open-files>
</project-private>
